category,mechanism,word1,word2,word3,word4,answer,predicted_label,keep_probability
purple,compound_prefix,borne,craft,line,port,air,keep,1.0000
purple,compound_prefix,fall,pour,right,wind,down,keep,1.0000
purple,compound_prefix,borne,craft,mail,plane,air,keep,1.0000
purple,compound_prefix,arm,cast,head,runner,fore,keep,1.0000
purple,compound_prefix,hill,pour,stream,town,down,keep,1.0000
purple,compound_prefix,borne,craft,mail,strip,air,keep,1.0000
purple,compound_prefix,arm,head,runner,sight,fore,keep,1.0000
purple,compound_prefix,arm,ground,head,runner,fore,keep,1.0000
purple,compound_prefix,borne,field,port,strip,air,keep,1.0000
purple,compound_prefix,arm,runner,see,sight,fore,keep,1.0000
purple,compound_prefix,craft,field,strip,way,air,keep,1.0000
purple,compound_prefix,cast,ground,head,see,fore,keep,1.0000
purple,compound_prefix,cast,ground,runner,sight,fore,keep,1.0000
purple,compound_prefix,craft,line,mail,strip,air,keep,1.0000
purple,compound_prefix,pour,right,stream,turn,down,keep,1.0000
purple,compound_prefix,cast,hill,right,town,down,keep,1.0000
purple,compound_prefix,borne,craft,plane,port,air,keep,1.0000
purple,compound_prefix,cast,right,town,wind,down,keep,1.0000
purple,compound_prefix,craft,field,mail,strip,air,keep,1.0000
purple,compound_prefix,field,line,port,way,air,keep,1.0000
purple,compound_prefix,cast,hill,right,wind,down,keep,1.0000
purple,compound_prefix,field,line,mail,strip,air,keep,1.0000
purple,compound_prefix,craft,mail,plane,strip,air,keep,1.0000
purple,compound_prefix,finger,ground,see,sight,fore,keep,1.0000
purple,compound_prefix,borne,line,port,strip,air,keep,1.0000
purple,compound_prefix,arm,finger,ground,head,fore,keep,1.0000
purple,compound_prefix,borne,craft,port,strip,air,keep,1.0000
purple,compound_prefix,borne,line,mail,port,air,keep,1.0000
purple,compound_prefix,cast,right,stream,town,down,keep,1.0000
purple,compound_prefix,arm,cast,finger,ground,fore,keep,1.0000
purple,compound_prefix,field,line,mail,port,air,keep,1.0000
purple,compound_prefix,cast,finger,runner,see,fore,keep,1.0000
purple,compound_prefix,line,mail,port,way,air,keep,1.0000
purple,compound_prefix,right,stream,turn,wind,down,keep,1.0000
purple,compound_prefix,cast,fall,stream,turn,down,keep,1.0000
purple,compound_prefix,burn,down,set,shine,sun,keep,1.0000
purple,compound_prefix,cast,hill,pour,right,down,keep,1.0000
purple,compound_prefix,cast,ground,head,sight,fore,keep,1.0000
purple,compound_prefix,cast,fall,pour,stream,down,keep,1.0000
purple,compound_prefix,hill,right,town,wind,down,keep,1.0000
purple,compound_prefix,craft,plane,port,strip,air,keep,1.0000
purple,compound_prefix,craft,line,port,strip,air,keep,1.0000
purple,compound_prefix,cast,hill,stream,town,down,keep,1.0000
purple,compound_prefix,borne,field,mail,way,air,keep,1.0000
purple,compound_prefix,borne,mail,plane,port,air,keep,1.0000
purple,compound_prefix,cast,finger,ground,runner,fore,keep,1.0000
purple,compound_prefix,cast,finger,ground,head,fore,keep,1.0000
purple,compound_prefix,craft,field,mail,plane,air,keep,1.0000
purple,compound_prefix,borne,craft,line,strip,air,keep,1.0000
purple,compound_prefix,arm,cast,runner,sight,fore,keep,1.0000
purple,compound_prefix,mail,plane,port,way,air,keep,1.0000
purple,compound_prefix,hill,stream,turn,wind,down,keep,1.0000
purple,compound_prefix,cast,finger,head,see,fore,keep,1.0000
purple,compound_prefix,down,light,set,shine,sun,keep,1.0000
purple,compound_prefix,cast,ground,head,runner,fore,keep,1.0000
purple,compound_prefix,field,line,mail,way,air,keep,1.0000
purple,compound_prefix,borne,craft,port,way,air,keep,1.0000
purple,compound_prefix,food,port,shore,side,sea,keep,1.0000
purple,compound_prefix,borne,field,line,port,air,keep,1.0000
purple,compound_prefix,coast,food,port,side,sea,keep,1.0000
purple,compound_prefix,field,line,port,strip,air,keep,1.0000
purple,compound_prefix,craft,field,plane,port,air,keep,1.0000
purple,compound_prefix,cast,pour,right,town,down,keep,1.0000
purple,compound_prefix,borne,mail,port,way,air,keep,1.0000
purple,compound_prefix,field,port,strip,way,air,keep,1.0000
purple,compound_prefix,cast,hill,pour,turn,down,keep,1.0000
purple,compound_prefix,craft,line,mail,port,air,keep,1.0000
purple,compound_prefix,right,stream,town,wind,down,keep,1.0000
purple,compound_prefix,cast,pour,right,turn,down,keep,1.0000
purple,compound_prefix,borne,plane,port,way,air,keep,1.0000
purple,compound_prefix,borne,field,strip,way,air,keep,1.0000
purple,compound_prefix,line,mail,port,strip,air,keep,1.0000
purple,compound_prefix,hill,pour,right,town,down,keep,1.0000
purple,compound_prefix,ground,runner,see,sight,fore,keep,1.0000
purple,compound_prefix,arm,cast,ground,runner,fore,keep,1.0000
purple,compound_prefix,cast,fall,pour,turn,down,keep,1.0000
purple,compound_prefix,finger,head,runner,sight,fore,keep,1.0000
purple,compound_prefix,cast,fall,right,wind,down,keep,1.0000
purple,compound_prefix,field,plane,strip,way,air,keep,1.0000
purple,compound_prefix,burn,light,rise,shade,sun,keep,1.0000
purple,compound_prefix,craft,field,port,strip,air,keep,1.0000
purple,compound_prefix,burn,down,light,set,sun,keep,1.0000
purple,compound_prefix,cast,ground,runner,see,fore,keep,1.0000
purple,compound_prefix,cast,fall,right,stream,down,keep,1.0000
purple,compound_prefix,cast,pour,stream,turn,down,keep,1.0000
purple,compound_prefix,craft,field,line,port,air,keep,1.0000
purple,compound_prefix,cast,right,turn,wind,down,keep,1.0000
purple,compound_prefix,cast,runner,see,sight,fore,keep,1.0000
purple,compound_prefix,arm,cast,finger,sight,fore,keep,1.0000
purple,compound_prefix,hill,pour,right,stream,down,keep,1.0000
purple,compound_prefix,craft,field,line,mail,air,keep,1.0000
purple,compound_prefix,arm,ground,see,sight,fore,keep,1.0000
purple,compound_prefix,burn,down,light,rise,sun,keep,1.0000
purple,compound_prefix,cast,head,runner,sight,fore,keep,1.0000
purple,compound_prefix,cast,hill,stream,wind,down,keep,1.0000
purple,compound_prefix,down,rise,set,shine,sun,keep,1.0000
purple,compound_prefix,burn,down,rise,shine,sun,keep,1.0000
purple,compound_prefix,burn,down,light,shine,sun,keep,1.0000
purple,compound_prefix,finger,head,runner,see,fore,keep,1.0000
purple,compound_prefix,cast,fall,right,town,down,keep,1.0000
purple,compound_prefix,hill,right,stream,turn,down,keep,1.0000
purple,compound_prefix,fall,right,turn,wind,down,keep,1.0000
purple,compound_prefix,arm,finger,head,sight,fore,keep,1.0000
purple,compound_prefix,hill,right,stream,wind,down,keep,1.0000
purple,compound_prefix,borne,port,strip,way,air,keep,1.0000
purple,compound_prefix,borne,mail,port,strip,air,keep,1.0000
purple,compound_prefix,field,mail,port,strip,air,keep,1.0000
purple,compound_prefix,head,runner,see,sight,fore,keep,1.0000
purple,compound_prefix,hill,pour,right,wind,down,keep,1.0000
purple,compound_prefix,cast,finger,runner,sight,fore,keep,1.0000
purple,compound_prefix,fall,pour,right,turn,down,keep,1.0000
purple,compound_prefix,mail,plane,port,strip,air,keep,1.0000
purple,compound_prefix,borne,craft,line,mail,air,keep,1.0000
purple,compound_prefix,down,light,rise,shine,sun,keep,1.0000
purple,compound_prefix,finger,runner,see,sight,fore,keep,1.0000
purple,compound_prefix,borne,field,mail,port,air,keep,1.0000
purple,compound_prefix,hill,right,turn,wind,down,keep,1.0000
purple,compound_prefix,cast,fall,right,turn,down,keep,1.0000
purple,compound_prefix,cast,pour,right,wind,down,keep,1.0000
purple,compound_prefix,craft,field,line,strip,air,keep,1.0000
purple,compound_prefix,arm,finger,head,see,fore,keep,1.0000
purple,compound_prefix,field,line,strip,way,air,keep,1.0000
purple,compound_prefix,borne,line,port,way,air,keep,1.0000
purple,compound_prefix,cast,fall,pour,right,down,keep,1.0000
purple,compound_prefix,arm,cast,finger,runner,fore,keep,1.0000
purple,compound_prefix,finger,ground,head,see,fore,keep,1.0000
purple,compound_prefix,arm,finger,ground,sight,fore,keep,1.0000
purple,compound_prefix,arm,cast,ground,see,fore,keep,1.0000
purple,compound_prefix,burn,light,set,shade,sun,keep,1.0000
purple,compound_prefix,down,light,rise,set,sun,keep,1.0000
purple,compound_prefix,craft,port,strip,way,air,keep,1.0000
purple,compound_prefix,burn,down,rise,set,sun,keep,1.0000
purple,compound_prefix,coast,port,shore,side,sea,keep,1.0000
purple,compound_prefix,craft,mail,plane,port,air,keep,1.0000
purple,compound_prefix,cast,hill,pour,stream,down,keep,1.0000
purple,compound_prefix,burn,light,rise,shine,sun,keep,1.0000
purple,compound_prefix,field,plane,port,way,air,keep,1.0000
purple,compound_prefix,field,mail,port,way,air,keep,1.0000
purple,compound_prefix,pour,right,turn,wind,down,keep,1.0000
purple,compound_prefix,arm,ground,head,sight,fore,keep,1.0000
purple,compound_prefix,arm,cast,finger,head,fore,keep,1.0000
purple,compound_prefix,craft,mail,port,strip,air,keep,1.0000
purple,compound_prefix,arm,finger,head,runner,fore,keep,1.0000
purple,compound_prefix,cast,head,runner,see,fore,keep,1.0000
purple,compound_prefix,craft,line,port,way,air,keep,1.0000
purple,compound_prefix,cast,finger,ground,see,fore,keep,1.0000
purple,compound_prefix,fall,pour,right,town,down,keep,1.0000
purple,compound_prefix,craft,field,port,way,air,keep,1.0000
purple,compound_prefix,field,mail,plane,way,air,keep,1.0000
purple,compound_prefix,borne,mail,plane,strip,air,keep,1.0000
purple,compound_prefix,burn,light,set,shine,sun,keep,1.0000
purple,compound_prefix,light,rise,set,shine,sun,keep,1.0000
purple,compound_prefix,borne,field,port,way,air,keep,1.0000
purple,compound_prefix,borne,field,mail,plane,air,keep,1.0000
purple,compound_prefix,craft,mail,port,way,air,keep,1.0000
purple,compound_prefix,borne,craft,mail,port,air,keep,1.0000
purple,compound_prefix,fall,pour,right,stream,down,keep,1.0000
purple,compound_prefix,arm,cast,head,see,fore,keep,1.0000
purple,compound_prefix,craft,plane,port,way,air,keep,1.0000
purple,compound_prefix,ache,light,line,master,head,keep,1.0000
purple,compound_prefix,cast,hill,stream,turn,down,keep,1.0000
purple,compound_prefix,arm,ground,head,see,fore,keep,1.0000
purple,compound_prefix,plane,port,strip,way,air,keep,1.0000
purple,compound_prefix,cast,right,stream,turn,down,keep,1.0000
purple,compound_prefix,hill,right,stream,town,down,keep,1.0000
purple,compound_prefix,fall,right,stream,turn,down,keep,1.0000
purple,compound_prefix,hill,pour,right,turn,down,keep,1.0000
purple,compound_prefix,land,made,owner,sick,home,keep,1.0000
purple,compound_prefix,cast,hill,right,stream,down,keep,1.0000
purple,compound_prefix,cast,finger,head,runner,fore,keep,1.0000
purple,compound_prefix,cast,stream,town,wind,down,keep,1.0000
purple,compound_prefix,hill,stream,town,wind,down,keep,1.0000
purple,compound_prefix,arm,finger,see,sight,fore,keep,1.0000
purple,compound_prefix,cast,finger,see,sight,fore,keep,1.0000
purple,compound_prefix,borne,craft,field,mail,air,keep,1.0000
purple,compound_prefix,field,plane,port,strip,air,keep,1.0000
purple,compound_prefix,borne,field,line,strip,air,keep,1.0000
purple,compound_prefix,cast,stream,turn,wind,down,keep,1.0000
purple,compound_prefix,craft,field,mail,way,air,keep,1.0000
purple,compound_prefix,down,light,set,shade,sun,keep,1.0000
purple,compound_prefix,hill,pour,stream,wind,down,keep,1.0000
purple,compound_prefix,cast,pour,right,stream,down,keep,1.0000
purple,compound_prefix,burn,down,light,shade,sun,keep,1.0000
purple,compound_prefix,craft,field,mail,port,air,keep,1.0000
purple,compound_prefix,borne,field,mail,strip,air,keep,1.0000
purple,compound_prefix,arm,finger,runner,sight,fore,keep,1.0000
purple,compound_prefix,burn,rise,set,shine,sun,keep,1.0000
purple,compound_prefix,ground,head,runner,see,fore,keep,1.0000
purple,compound_prefix,borne,plane,port,strip,air,keep,1.0000
purple,compound_prefix,borne,craft,field,port,air,keep,1.0000
purple,compound_prefix,arm,cast,ground,sight,fore,keep,1.0000
purple,compound_prefix,field,mail,plane,port,air,keep,1.0000
purple,compound_prefix,burn,light,rise,set,sun,keep,1.0000
purple,compound_prefix,finger,head,see,sight,fore,keep,1.0000
purple,compound_prefix,field,mail,plane,strip,air,keep,1.0000
purple,compound_prefix,arm,cast,finger,see,fore,keep,1.0000
purple,compound_prefix,cast,right,stream,wind,down,keep,1.0000
purple,compound_prefix,borne,field,line,mail,air,keep,1.0000
purple,compound_prefix,cast,hill,right,turn,down,keep,1.0000
purple,compound_prefix,borne,field,plane,port,air,keep,1.0000
purple,compound_prefix,arm,cast,ground,head,fore,keep,1.0000
purple,compound_prefix,line,port,strip,way,air,keep,1.0000
purple,compound_prefix,cast,finger,head,sight,fore,keep,1.0000
purple,compound_prefix,coast,food,port,shore,sea,keep,1.0000
purple,compound_prefix,cast,ground,see,sight,fore,keep,1.0000
purple,compound_suffix,fair,park,road,run,way,keep,1.0000
purple,compound_suffix,air,high,sub,water,way,keep,1.0000
purple,compound_suffix,dinner,lunch,mean,peace,time,keep,1.0000
purple,compound_suffix,bed,day,mean,spring,time,keep,1.0000
purple,compound_suffix,high,mid,road,water,way,keep,1.0000
purple,compound_suffix,free,half,hatch,high,way,keep,1.0000
purple,compound_suffix,case,field,ground,patch,work,keep,1.0000
purple,compound_suffix,high,park,stair,water,way,keep,1.0000
purple,compound_suffix,fair,gate,high,run,way,keep,1.0000
purple,compound_suffix,door,gate,park,stair,way,keep,1.0000
purple,compound_suffix,drive,fair,hall,run,way,keep,1.0000
purple,compound_suffix,drive,free,hall,sub,way,keep,1.0000
purple,compound_suffix,air,hall,hatch,road,way,keep,1.0000
purple,compound_suffix,drive,gate,park,road,way,keep,1.0000
purple,compound_suffix,free,mid,sub,water,way,keep,1.0000
purple,compound_suffix,air,free,high,road,way,keep,1.0000
purple,compound_suffix,hall,high,park,water,way,keep,1.0000
purple,compound_suffix,drive,high,park,run,way,keep,1.0000
purple,compound_suffix,hall,high,road,water,way,keep,1.0000
purple,compound_suffix,air,door,free,high,way,keep,1.0000
purple,compound_suffix,high,park,run,water,way,keep,1.0000
purple,compound_suffix,bed,day,peace,spring,time,keep,1.0000
purple,compound_suffix,air,door,road,water,way,keep,1.0000
purple,compound_suffix,day,dinner,lunch,mean,time,keep,1.0000
purple,compound_suffix,along,curb,hill,way,side,keep,1.0000
purple,compound_suffix,drive,path,rail,sub,way,keep,1.0000
purple,compound_suffix,air,free,hall,park,way,keep,1.0000
purple,compound_suffix,air,free,gate,hatch,way,keep,1.0000
purple,compound_suffix,base,eye,high,snow,ball,keep,1.0000
purple,compound_suffix,air,hall,high,path,way,keep,1.0000
purple,compound_suffix,drive,fair,half,park,way,keep,1.0000
purple,compound_suffix,half,high,park,stair,way,keep,1.0000
purple,compound_suffix,path,rail,sub,water,way,keep,1.0000
purple,compound_suffix,field,grill,ground,wood,work,keep,1.0000
purple,compound_suffix,door,drive,high,stair,way,keep,1.0000
purple,compound_suffix,mean,spring,summer,war,time,keep,1.0000
purple,compound_suffix,fair,hall,hatch,sub,way,keep,1.0000
purple,compound_suffix,drive,park,stair,sub,way,keep,1.0000
purple,compound_suffix,air,door,half,high,way,keep,1.0000
purple,compound_suffix,door,drive,free,hatch,way,keep,1.0000
purple,compound_suffix,door,mid,rail,sub,way,keep,1.0000
purple,compound_suffix,half,high,run,water,way,keep,1.0000
purple,compound_suffix,gate,high,park,rail,way,keep,1.0000
purple,compound_suffix,hill,road,sea,way,side,keep,1.0000
purple,compound_suffix,door,hatch,rail,sub,way,keep,1.0000
purple,compound_suffix,dinner,life,mean,summer,time,keep,1.0000
purple,compound_suffix,fair,half,mid,path,way,keep,1.0000
purple,compound_suffix,air,high,run,water,way,keep,1.0000
purple,compound_suffix,club,school,smoke,tea,house,keep,1.0000
purple,compound_suffix,drive,fair,gate,hatch,way,keep,1.0000
purple,compound_suffix,air,hall,road,run,way,keep,1.0000
purple,compound_suffix,gate,hatch,park,run,way,keep,1.0000
purple,compound_suffix,half,rail,run,stair,way,keep,1.0000
purple,compound_suffix,free,high,park,rail,way,keep,1.0000
purple,compound_suffix,fair,hatch,park,water,way,keep,1.0000
purple,compound_suffix,free,high,rail,sub,way,keep,1.0000
purple,compound_suffix,bridge,rail,red,round,head,keep,1.0000
purple,compound_suffix,half,rail,sub,water,way,keep,1.0000
purple,compound_suffix,free,high,sub,water,way,keep,1.0000
purple,compound_suffix,air,park,road,sub,way,keep,1.0000
purple,compound_suffix,door,free,hatch,sub,way,keep,1.0000
purple,compound_suffix,fair,hatch,high,water,way,keep,1.0000
purple,compound_suffix,air,road,run,water,way,keep,1.0000
purple,compound_suffix,free,half,park,run,way,keep,1.0000
purple,compound_suffix,drive,high,rail,water,way,keep,1.0000
purple,compound_suffix,drive,hatch,high,park,way,keep,1.0000
purple,compound_suffix,air,gate,park,sub,way,keep,1.0000
purple,compound_suffix,fair,hall,road,run,way,keep,1.0000
purple,compound_suffix,case,field,frame,patch,work,keep,1.0000
purple,compound_suffix,door,hatch,park,run,way,keep,1.0000
purple,compound_suffix,drive,free,park,sub,way,keep,1.0000
purple,compound_suffix,free,hall,sub,water,way,keep,1.0000
purple,compound_suffix,air,drive,hall,park,way,keep,1.0000
purple,compound_suffix,dinner,life,meal,spring,time,keep,1.0000
purple,compound_suffix,drive,half,path,rail,way,keep,1.0000
purple,compound_suffix,air,door,free,water,way,keep,1.0000
purple,compound_suffix,air,drive,hall,run,way,keep,1.0000
purple,compound_suffix,free,gate,stair,sub,way,keep,1.0000
purple,compound_suffix,air,drive,path,water,way,keep,1.0000
purple,compound_suffix,door,free,gate,hall,way,keep,1.0000
purple,compound_suffix,drive,fair,free,path,way,keep,1.0000
purple,compound_suffix,bed,lunch,night,peace,time,keep,1.0000
purple,compound_suffix,free,high,mid,water,way,keep,1.0000
purple,compound_suffix,fair,half,hatch,park,way,keep,1.0000
purple,compound_suffix,class,play,school,team,mate,keep,1.0000
purple,compound_suffix,door,fair,mid,road,way,keep,1.0000
purple,compound_suffix,fair,hall,sub,water,way,keep,1.0000
purple,compound_suffix,door,rail,road,run,way,keep,1.0000
purple,compound_suffix,bed,meal,peace,summer,time,keep,1.0000
purple,compound_suffix,dinner,life,meal,war,time,keep,1.0000
purple,compound_suffix,day,dinner,meal,peace,time,keep,1.0000
purple,compound_suffix,half,park,road,water,way,keep,1.0000
purple,compound_suffix,air,free,hatch,run,way,keep,1.0000
purple,compound_suffix,fair,hall,road,sub,way,keep,1.0000
purple,compound_suffix,free,hatch,mid,sub,way,keep,1.0000
purple,compound_suffix,field,fire,grill,wood,work,keep,1.0000
purple,compound_suffix,day,dinner,mean,night,time,keep,1.0000
purple,compound_suffix,drive,half,mid,water,way,keep,1.0000
purple,compound_suffix,door,hatch,rail,run,way,keep,1.0000
purple,compound_suffix,drive,hall,hatch,park,way,keep,1.0000
purple,compound_suffix,fair,half,park,water,way,keep,1.0000
purple,compound_suffix,drive,park,road,sub,way,keep,1.0000
purple,compound_suffix,half,high,mid,park,way,keep,1.0000
purple,compound_suffix,door,fair,hall,high,way,keep,1.0000
purple,compound_suffix,air,gate,hall,park,way,keep,1.0000
purple,compound_suffix,drive,half,rail,sub,way,keep,1.0000
purple,compound_suffix,bed,dinner,life,peace,time,keep,1.0000
purple,compound_suffix,door,free,rail,run,way,keep,1.0000
purple,compound_suffix,air,gate,half,sub,way,keep,1.0000
purple,compound_suffix,air,drive,gate,hatch,way,keep,1.0000
purple,compound_suffix,door,gate,rail,sub,way,keep,1.0000
purple,compound_suffix,air,high,park,run,way,keep,1.0000
purple,compound_suffix,drive,fair,park,run,way,keep,1.0000
purple,compound_suffix,door,hatch,park,road,way,keep,1.0000
purple,compound_suffix,broad,country,curb,dock,side,keep,1.0000
purple,compound_suffix,book,cover,drop,leaf,let,keep,1.0000
purple,compound_suffix,dinner,life,spring,war,time,keep,1.0000
purple,compound_suffix,door,hall,stair,water,way,keep,1.0000
purple,compound_suffix,hatch,park,run,water,way,keep,1.0000
purple,compound_suffix,dinner,life,night,peace,time,keep,1.0000
purple,compound_suffix,drive,high,rail,road,way,keep,1.0000
purple,compound_suffix,drive,free,gate,rail,way,keep,1.0000
purple,compound_suffix,half,mid,park,sub,way,keep,1.0000
purple,compound_suffix,fair,free,high,water,way,keep,1.0000
purple,compound_suffix,frame,house,net,patch,work,keep,1.0000
purple,compound_suffix,drive,free,mid,stair,way,keep,1.0000
purple,compound_suffix,half,mid,path,water,way,keep,1.0000
purple,compound_suffix,drive,hatch,park,water,way,keep,1.0000
purple,compound_suffix,air,drive,half,path,way,keep,1.0000
purple,compound_suffix,along,bed,curb,way,side,keep,1.0000
purple,compound_suffix,break,run,show,touch,down,keep,1.0000
purple,compound_suffix,gate,rail,road,sub,way,keep,1.0000
purple,compound_suffix,case,fire,house,wood,work,keep,1.0000
purple,compound_suffix,door,park,rail,sub,way,keep,1.0000
purple,compound_suffix,drive,free,half,high,way,keep,1.0000
purple,compound_suffix,pit,rain,snow,water,fall,keep,1.0000
purple,compound_suffix,free,hall,hatch,high,way,keep,1.0000
purple,compound_suffix,hall,mid,sub,water,way,keep,1.0000
purple,compound_suffix,half,path,rail,run,way,keep,1.0000
purple,compound_suffix,check,guide,note,sketch,book,keep,1.0000
purple,compound_suffix,case,field,net,wood,work,keep,1.0000
purple,compound_suffix,class,play,ship,team,mate,keep,1.0000
purple,compound_suffix,door,drive,mid,rail,way,keep,1.0000
purple,compound_suffix,drive,free,half,path,way,keep,1.0000
purple,compound_suffix,free,road,sub,water,way,keep,1.0000
purple,compound_suffix,air,door,gate,high,way,keep,1.0000
purple,compound_suffix,half,hatch,rail,run,way,keep,1.0000
purple,compound_suffix,drive,gate,rail,road,way,keep,1.0000
purple,compound_suffix,hatch,park,rail,sub,way,keep,1.0000
purple,compound_suffix,bed,life,peace,summer,time,keep,1.0000
purple,compound_suffix,drive,gate,high,park,way,keep,1.0000
purple,compound_suffix,hatch,high,road,stair,way,keep,1.0000
purple,compound_suffix,buck,cup,score,spring,board,keep,1.0000
purple,compound_suffix,school,ship,stale,team,mate,keep,1.0000
purple,compound_suffix,dinner,meal,night,war,time,keep,1.0000
purple,compound_suffix,bed,dinner,mean,spring,time,keep,1.0000
purple,compound_suffix,air,high,park,road,way,keep,1.0000
purple,compound_suffix,half,hatch,park,road,way,keep,1.0000
purple,compound_suffix,along,country,curb,dock,side,keep,1.0000
purple,compound_suffix,high,park,rail,water,way,keep,1.0000
purple,compound_suffix,fair,hall,hatch,high,way,keep,1.0000
purple,compound_suffix,gate,rail,stair,sub,way,keep,1.0000
purple,compound_suffix,fair,hatch,mid,water,way,keep,1.0000
purple,compound_suffix,bed,dinner,life,night,time,keep,1.0000
purple,compound_suffix,air,free,gate,high,way,keep,1.0000
purple,compound_suffix,free,mid,park,road,way,keep,1.0000
purple,compound_suffix,park,rail,road,water,way,keep,1.0000
purple,compound_suffix,drive,gate,rail,sub,way,keep,1.0000
purple,compound_suffix,bed,life,meal,spring,time,keep,1.0000
purple,compound_suffix,bed,mean,night,spring,time,keep,1.0000
purple,compound_suffix,gate,rail,road,run,way,keep,1.0000
purple,compound_suffix,free,half,hatch,stair,way,keep,1.0000
purple,compound_suffix,bed,day,peace,summer,time,keep,1.0000
purple,compound_suffix,free,gate,hall,mid,way,keep,1.0000
purple,compound_suffix,fair,hatch,park,sub,way,keep,1.0000
purple,compound_suffix,hatch,road,run,water,way,keep,1.0000
purple,compound_suffix,lunch,meal,peace,summer,time,keep,1.0000
purple,compound_suffix,air,gate,hall,sub,way,keep,1.0000
purple,compound_suffix,door,free,park,run,way,keep,1.0000
purple,compound_suffix,grill,ground,house,wood,work,keep,1.0000
purple,compound_suffix,free,hatch,run,stair,way,keep,1.0000
purple,compound_suffix,drive,fair,free,half,way,keep,1.0000
purple,compound_suffix,beach,fore,red,round,head,keep,1.0000
purple,compound_suffix,drive,high,park,sub,way,keep,1.0000
purple,compound_suffix,fair,hall,high,water,way,keep,1.0000
purple,compound_suffix,bed,lunch,spring,war,time,keep,1.0000
purple,compound_suffix,drive,fair,gate,high,way,keep,1.0000
purple,compound_suffix,air,door,road,run,way,keep,1.0000
purple,compound_suffix,day,life,meal,night,time,keep,1.0000
purple,compound_suffix,door,drive,mid,water,way,keep,1.0000
purple,compound_suffix,door,drive,hatch,park,way,keep,1.0000
purple,compound_suffix,gate,park,road,run,way,keep,1.0000
purple,compound_suffix,bed,hill,road,way,side,keep,1.0000
purple,compound_suffix,fire,frame,patch,wood,work,keep,1.0000
purple,compound_suffix,drive,free,hatch,rail,way,keep,1.0000
purple,compound_suffix,free,half,hatch,mid,way,keep,1.0000
purple,compound_suffix,free,half,park,water,way,keep,1.0000
purple,compound_suffix,case,fire,ground,wood,work,keep,1.0000
purple,compound_suffix,door,path,stair,water,way,keep,1.0000
purple,compound_suffix,bed,dinner,summer,war,time,keep,1.0000
purple,compound_suffix,free,hatch,park,water,way,keep,1.0000
purple,compound_suffix,half,path,rail,water,way,keep,1.0000
purple,compound_suffix,free,gate,hall,park,way,keep,1.0000
purple,compound_suffix,day,dinner,life,mean,time,keep,1.0000
purple,compound_suffix,free,hall,hatch,run,way,keep,1.0000
purple,compound_suffix,fair,gate,mid,park,way,keep,1.0000
purple,compound_suffix,along,bed,broad,hill,side,keep,1.0000
purple,compound_suffix,drive,mid,park,road,way,keep,1.0000
purple,compound_suffix,drive,rail,stair,sub,way,keep,1.0000
purple,compound_suffix,bed,dinner,night,war,time,keep,1.0000
purple,compound_suffix,air,door,hatch,water,way,keep,1.0000
purple,compound_suffix,free,half,high,park,way,keep,1.0000
purple,compound_suffix,drive,free,mid,run,way,keep,1.0000
purple,compound_suffix,hatch,park,rail,run,way,keep,1.0000
purple,compound_suffix,drive,path,run,water,way,keep,1.0000
purple,compound_suffix,hall,park,run,stair,way,keep,1.0000
purple,compound_suffix,door,free,hatch,rail,way,keep,1.0000
purple,compound_suffix,door,fair,half,high,way,keep,1.0000
purple,compound_suffix,air,hatch,high,sub,way,keep,1.0000
purple,compound_suffix,hatch,high,sub,water,way,keep,1.0000
purple,compound_suffix,door,drive,half,rail,way,keep,1.0000
purple,compound_suffix,free,hall,high,run,way,keep,1.0000
purple,compound_suffix,door,free,half,rail,way,keep,1.0000
purple,compound_suffix,case,field,fire,grill,work,keep,1.0000
purple,compound_suffix,fair,hall,path,water,way,keep,1.0000
purple,compound_suffix,bed,meal,night,spring,time,keep,1.0000
purple,compound_suffix,air,gate,hall,road,way,keep,1.0000
purple,compound_suffix,grill,ground,patch,wood,work,keep,1.0000
purple,compound_suffix,bed,day,life,peace,time,keep,1.0000
purple,compound_suffix,drive,fair,free,mid,way,keep,1.0000
purple,compound_suffix,bed,day,lunch,summer,time,keep,1.0000
purple,compound_suffix,air,free,gate,run,way,keep,1.0000
purple,compound_suffix,door,fair,gate,mid,way,keep,1.0000
purple,compound_suffix,door,high,path,stair,way,keep,1.0000
purple,compound_suffix,door,free,gate,rail,way,keep,1.0000
purple,compound_suffix,bed,curb,dock,hill,side,keep,1.0000
purple,compound_suffix,air,gate,half,hatch,way,keep,1.0000
purple,compound_suffix,day,mean,peace,spring,time,keep,1.0000
purple,compound_suffix,bed,dinner,peace,spring,time,keep,1.0000
purple,compound_suffix,drive,mid,road,water,way,keep,1.0000
purple,compound_suffix,door,path,rail,stair,way,keep,1.0000
purple,compound_suffix,hatch,rail,sub,water,way,keep,1.0000
purple,compound_suffix,park,rail,stair,water,way,keep,1.0000
purple,compound_suffix,air,gate,hatch,park,way,keep,1.0000
purple,compound_suffix,air,door,path,water,way,keep,1.0000
purple,compound_suffix,free,mid,path,run,way,keep,1.0000
purple,compound_suffix,free,hall,path,stair,way,keep,1.0000
purple,compound_suffix,free,hall,mid,park,way,keep,1.0000
purple,compound_suffix,drive,free,rail,road,way,keep,1.0000
purple,compound_suffix,bed,mean,peace,spring,time,keep,1.0000
purple,compound_suffix,bed,peace,spring,war,time,keep,1.0000
purple,compound_suffix,mid,path,stair,water,way,keep,1.0000
purple,compound_suffix,field,fire,net,patch,work,keep,1.0000
purple,compound_suffix,drive,hall,high,park,way,keep,1.0000
purple,compound_suffix,crystal,head,neck,pipe,line,keep,1.0000
purple,compound_suffix,air,high,path,road,way,keep,1.0000
purple,compound_suffix,high,rail,run,stair,way,keep,1.0000
purple,compound_suffix,drive,half,sub,water,way,keep,1.0000
purple,compound_suffix,drive,free,hatch,sub,way,keep,1.0000
purple,compound_suffix,air,free,high,park,way,keep,1.0000
purple,compound_suffix,basket,foot,high,snow,ball,keep,1.0000
purple,compound_suffix,free,half,stair,water,way,keep,1.0000
purple,compound_suffix,case,fire,ground,net,work,keep,1.0000
purple,compound_suffix,free,high,park,stair,way,keep,1.0000
purple,compound_suffix,arm,fox,key,loop,hole,keep,1.0000
purple,compound_suffix,door,hatch,high,park,way,keep,1.0000
purple,compound_suffix,door,hall,park,stair,way,keep,1.0000
purple,compound_suffix,free,hall,run,stair,way,keep,1.0000
purple,compound_suffix,drive,fair,high,park,way,keep,1.0000
purple,compound_suffix,fair,hall,high,park,way,keep,1.0000
purple,compound_suffix,air,border,neck,shore,line,keep,1.0000
purple,compound_suffix,case,fire,frame,house,work,keep,1.0000
purple,compound_suffix,free,half,park,stair,way,keep,1.0000
purple,compound_suffix,drive,half,high,path,way,keep,1.0000
purple,compound_suffix,bed,life,night,summer,time,keep,1.0000
purple,compound_suffix,dead,neck,pipe,shore,line,keep,1.0000
purple,compound_suffix,mid,park,rail,run,way,keep,1.0000
purple,compound_suffix,drive,free,high,park,way,keep,1.0000
purple,compound_suffix,hall,high,park,run,way,keep,1.0000
purple,compound_suffix,field,house,net,patch,work,keep,1.0000
purple,compound_suffix,door,fair,hatch,park,way,keep,1.0000
purple,compound_suffix,door,free,half,sub,way,keep,1.0000
purple,compound_suffix,drive,park,road,stair,way,keep,1.0000
purple,compound_suffix,gate,hatch,mid,rail,way,keep,1.0000
purple,compound_suffix,night,snow,water,wind,fall,keep,1.0000
purple,compound_suffix,flash,high,search,sun,light,keep,1.0000
purple,compound_suffix,bed,day,life,meal,time,keep,1.0000
purple,compound_suffix,round,school,store,tea,house,keep,1.0000
purple,compound_suffix,beach,bridge,red,war,head,keep,1.0000
purple,compound_suffix,high,mid,park,road,way,keep,1.0000
purple,compound_suffix,air,door,hall,sub,way,keep,1.0000
purple,compound_prefix,borne,craft,field,way,air,keep,0.9967
purple,compound_prefix,hill,pour,stream,turn,down,keep,0.9967
purple,compound_prefix,cast,hill,turn,wind,down,keep,0.9967
purple,compound_prefix,borne,mail,plane,way,air,keep,0.9967
purple,compound_prefix,borne,craft,field,line,air,keep,0.9967
purple,compound_prefix,arm,cast,see,sight,fore,keep,0.9967
purple,compound_prefix,cast,pour,town,wind,down,keep,0.9967
purple,compound_prefix,cast,hill,town,wind,down,keep,0.9967
purple,compound_prefix,finger,ground,head,runner,fore,keep,0.9967
purple,compound_prefix,field,mail,strip,way,air,keep,0.9967
purple,compound_prefix,cast,finger,ground,sight,fore,keep,0.9967
purple,compound_prefix,light,rise,set,shade,sun,keep,0.9967
purple,compound_prefix,cast,fall,town,wind,down,keep,0.9967
purple,compound_prefix,arm,cast,head,sight,fore,keep,0.9967
purple,compound_prefix,cast,head,see,sight,fore,keep,0.9967
purple,compound_prefix,ground,head,see,sight,fore,keep,0.9967
purple,compound_prefix,arm,cast,runner,see,fore,keep,0.9967
purple,compound_prefix,cast,fall,pour,wind,down,keep,0.9967
purple,compound_prefix,borne,field,line,way,air,keep,0.9967
purple,compound_prefix,ache,light,line,water,head,keep,0.9967
purple,compound_prefix,cast,hill,pour,wind,down,keep,0.9967
purple,compound_prefix,borne,plane,strip,way,air,keep,0.9967
purple,compound_prefix,borne,field,plane,way,air,keep,0.9967
purple,compound_prefix,arm,head,see,sight,fore,keep,0.9967
purple,compound_prefix,craft,plane,strip,way,air,keep,0.9967
purple,compound_prefix,bow,coat,fall,storm,rain,keep,0.9967
purple,compound_prefix,craft,field,plane,way,air,keep,0.9967
purple,compound_prefix,craft,field,line,way,air,keep,0.9967
purple,compound_prefix,cast,hill,pour,town,down,keep,0.9967
purple,compound_prefix,borne,line,mail,strip,air,keep,0.9967
purple,compound_prefix,fall,right,stream,wind,down,keep,0.9967
purple,compound_prefix,cast,fall,turn,wind,down,keep,0.9967
purple,compound_prefix,coast,food,shore,side,sea,keep,0.9967
purple,compound_prefix,cast,fall,pour,town,down,keep,0.9967
purple,compound_prefix,arm,head,runner,see,fore,keep,0.9967
purple,compound_prefix,fall,right,stream,town,down,keep,0.9967
purple,compound_prefix,mail,port,strip,way,air,keep,0.9967
purple,compound_prefix,craft,mail,plane,way,air,keep,0.9967
purple,compound_prefix,finger,ground,head,sight,fore,keep,0.9967
purple,compound_suffix,night,peace,summer,war,time,keep,0.9967
purple,compound_suffix,drive,half,hatch,mid,way,keep,0.9967
purple,compound_suffix,bed,mean,spring,war,time,keep,0.9967
purple,compound_suffix,along,bed,hill,road,side,keep,0.9967
purple,compound_suffix,free,hall,mid,run,way,keep,0.9967
purple,compound_suffix,hatch,high,mid,stair,way,keep,0.9967
purple,compound_suffix,air,head,neck,shore,line,keep,0.9967
purple,compound_suffix,gate,high,mid,sub,way,keep,0.9967
purple,compound_suffix,drive,half,mid,run,way,keep,0.9967
purple,compound_suffix,draw,horse,line,paper,back,keep,0.9967
purple,compound_suffix,come,draw,half,set,back,keep,0.9967
purple,compound_suffix,buck,card,cup,spring,board,keep,0.9967
purple,compound_suffix,crystal,dead,pipe,shore,line,keep,0.9967
purple,compound_suffix,drive,half,high,sub,way,keep,0.9967
purple,compound_suffix,along,broad,dock,sea,side,keep,0.9967
purple,compound_suffix,drive,hall,mid,stair,way,keep,0.9967
purple,compound_suffix,hall,hatch,run,stair,way,keep,0.9967
purple,compound_suffix,draw,half,paper,quarter,back,keep,0.9967
purple,compound_suffix,half,high,run,stair,way,keep,0.9967
purple,compound_suffix,bed,life,spring,war,time,keep,0.9967
purple,compound_suffix,free,gate,mid,stair,way,keep,0.9967
purple,compound_suffix,court,school,smoke,tea,house,keep,0.9967
purple,compound_suffix,drive,hatch,run,stair,way,keep,0.9967
purple,compound_suffix,farm,green,round,store,house,keep,0.9967
purple,compound_suffix,draw,feed,line,set,back,keep,0.9967
purple,compound_suffix,half,high,park,sub,way,keep,0.9967
purple,compound_suffix,door,free,road,stair,way,keep,0.9967
purple,compound_suffix,field,fire,net,wood,work,keep,0.9967
purple,compound_suffix,drive,fair,high,water,way,keep,0.9967
purple,compound_suffix,hall,high,run,stair,way,keep,0.9967
purple,compound_suffix,bill,cup,floor,spring,board,keep,0.9967
purple,compound_suffix,door,drive,hatch,mid,way,keep,0.9967
purple,compound_suffix,half,mid,stair,sub,way,keep,0.9967
purple,compound_suffix,drive,hatch,stair,sub,way,keep,0.9967
purple,compound_suffix,along,country,sea,way,side,keep,0.9967
purple,compound_suffix,bed,mean,peace,war,time,keep,0.9967
purple,compound_suffix,door,hatch,high,run,way,keep,0.9967
purple,compound_suffix,back,battle,fore,play,ground,keep,0.9967
purple,compound_suffix,fair,hall,mid,water,way,keep,0.9967
purple,compound_suffix,gate,high,road,sub,way,keep,0.9967
purple,compound_suffix,gate,hatch,stair,sub,way,keep,0.9967
purple,compound_suffix,along,country,curb,hill,side,keep,0.9967
purple,compound_suffix,drive,gate,mid,rail,way,keep,0.9967
purple,compound_suffix,gate,hall,mid,park,way,keep,0.9967
purple,compound_suffix,come,draw,half,paper,back,keep,0.9967
purple,compound_suffix,gate,hall,hatch,high,way,keep,0.9967
purple,compound_suffix,come,draw,full,set,back,keep,0.9967
purple,compound_suffix,drive,high,path,sub,way,keep,0.9967
purple,compound_suffix,head,lamp,moon,sun,light,keep,0.9967
purple,compound_suffix,fire,lamp,moon,sun,light,keep,0.9967
purple,compound_prefix,craft,line,mail,way,air,keep,0.9933
purple,compound_prefix,cast,fall,stream,wind,down,keep,0.9933
purple,compound_prefix,borne,craft,strip,way,air,keep,0.9933
purple,compound_prefix,pour,right,town,wind,down,keep,0.9933
purple,compound_prefix,borne,craft,plane,way,air,keep,0.9933
purple,compound_prefix,cast,fall,stream,town,down,keep,0.9933
purple,compound_prefix,craft,field,plane,strip,air,keep,0.9933
purple,compound_prefix,finger,ground,runner,sight,fore,keep,0.9933
purple,compound_prefix,borne,craft,line,way,air,keep,0.9933
purple,compound_prefix,borne,craft,field,strip,air,keep,0.9933
purple,compound_prefix,mail,plane,strip,way,air,keep,0.9933
purple,compound_prefix,arm,finger,ground,see,fore,keep,0.9933
purple,compound_prefix,pour,right,stream,town,down,keep,0.9933
purple,compound_prefix,arm,ground,runner,see,fore,keep,0.9933
purple,compound_prefix,borne,field,plane,strip,air,keep,0.9933
purple,compound_prefix,pour,right,stream,wind,down,keep,0.9933
purple,compound_prefix,craft,line,strip,way,air,keep,0.9933
purple,compound_prefix,borne,craft,mail,way,air,keep,0.9933
purple,compound_prefix,borne,craft,plane,strip,air,keep,0.9933
purple,compound_suffix,air,border,pipe,shore,line,keep,0.9933
purple,compound_suffix,air,border,crystal,neck,line,keep,0.9933
purple,compound_suffix,day,fire,high,search,light,keep,0.9933
purple,compound_suffix,fire,flash,lamp,moon,light,keep,0.9933
purple,compound_suffix,day,head,lamp,search,light,keep,0.9933
purple,compound_suffix,fair,hatch,mid,sub,way,keep,0.9933
purple,compound_suffix,check,guide,note,pocket,book,keep,0.9933
purple,compound_suffix,door,hall,mid,road,way,keep,0.9933
purple,compound_suffix,draw,feed,line,quarter,back,keep,0.9933
purple,compound_suffix,fire,flash,search,sun,light,keep,0.9933
purple,compound_suffix,crystal,dead,neck,story,line,keep,0.9933
purple,compound_suffix,court,green,smoke,tea,house,keep,0.9933
purple,compound_suffix,fire,flash,head,high,light,keep,0.9933
purple,compound_suffix,head,high,lamp,moon,light,keep,0.9933
purple,compound_suffix,drive,hatch,road,water,way,keep,0.9933
purple,compound_suffix,club,farm,green,smoke,house,keep,0.9933
purple,compound_suffix,air,crystal,head,neck,line,keep,0.9933
purple,compound_suffix,cup,floor,key,spring,board,keep,0.9933
purple,compound_suffix,flash,head,lamp,search,light,keep,0.9933
purple,compound_suffix,club,farm,green,round,house,keep,0.9933
purple,compound_suffix,drive,free,high,path,way,keep,0.9933
purple,compound_suffix,cup,dash,floor,spring,board,keep,0.9933
purple,compound_suffix,farm,school,smoke,tea,house,keep,0.9933
purple,compound_suffix,draw,feed,full,line,back,keep,0.9933
purple,compound_suffix,air,border,crystal,dead,line,keep,0.9933
purple,compound_suffix,door,hall,mid,path,way,keep,0.9933
purple,compound_suffix,bill,black,card,floor,board,keep,0.9909
purple,compound_prefix,burn,down,set,shade,sun,keep,0.9900
purple,compound_prefix,cast,pour,stream,town,down,keep,0.9900
purple,compound_prefix,borne,craft,field,plane,air,keep,0.9900
purple,compound_prefix,burn,rise,set,shade,sun,keep,0.9900
purple,compound_prefix,down,light,rise,shade,sun,keep,0.9900
purple,compound_prefix,cast,pour,stream,wind,down,keep,0.9900
purple,compound_prefix,borne,line,mail,way,air,keep,0.9900
purple,compound_prefix,cast,pour,turn,wind,down,keep,0.9900
purple,compound_prefix,borne,line,strip,way,air,keep,0.9900
purple,compound_suffix,day,fire,moon,sun,light,keep,0.9900
purple,compound_suffix,mean,night,spring,summer,time,keep,0.9900
purple,compound_suffix,high,park,road,sub,way,keep,0.9900
purple,compound_suffix,bed,country,road,way,side,keep,0.9900
purple,compound_suffix,life,lunch,meal,night,time,keep,0.9900
purple,compound_suffix,fire,head,spot,sun,light,keep,0.9900
purple,compound_suffix,day,lamp,moon,sun,light,keep,0.9900
purple,compound_suffix,gate,hall,high,mid,way,keep,0.9900
purple,compound_suffix,door,half,high,road,way,keep,0.9900
purple,compound_suffix,hall,road,stair,water,way,keep,0.9900
purple,compound_suffix,buck,key,score,spring,board,keep,0.9900
purple,compound_suffix,day,high,moon,sun,light,keep,0.9900
purple,compound_suffix,head,lamp,spot,sun,light,keep,0.9900
purple,compound_suffix,club,court,green,round,house,keep,0.9900
purple,compound_suffix,day,fire,head,high,light,keep,0.9900
purple,compound_suffix,hall,path,road,water,way,keep,0.9900
purple,compound_suffix,drive,fair,half,road,way,keep,0.9900
purple,compound_suffix,day,flash,lamp,moon,light,keep,0.9900
purple,compound_suffix,come,draw,full,quarter,back,keep,0.9900
purple,compound_suffix,cup,floor,score,spring,board,keep,0.9900
purple,compound_suffix,drive,gate,hatch,high,way,keep,0.9900
purple,compound_suffix,dinner,lunch,spring,war,time,keep,0.9900
purple,compound_suffix,broad,dock,hill,sea,side,keep,0.9900
purple,compound_suffix,free,half,road,stair,way,keep,0.9900
purple,compound_prefix,day,night,summer,week,mid,keep,0.9867
purple,compound_prefix,air,day,night,summer,mid,keep,0.9867
purple,compound_prefix,hill,pour,turn,wind,down,keep,0.9867
purple,compound_prefix,craft,mail,strip,way,air,keep,0.9867
purple,compound_prefix,ball,brow,glass,lid,eye,keep,0.9867
purple,compound_prefix,ground,head,runner,sight,fore,keep,0.9867
purple,compound_prefix,club,fall,mare,time,night,keep,0.9867
purple,compound_prefix,finger,ground,runner,see,fore,keep,0.9867
purple,compound_prefix,air,day,night,week,mid,keep,0.9867
purple,compound_suffix,fair,mid,path,sub,way,keep,0.9867
purple,compound_suffix,club,green,school,smoke,house,keep,0.9867
purple,compound_suffix,bill,buck,dash,score,board,keep,0.9867
purple,compound_suffix,along,country,curb,way,side,keep,0.9867
purple,compound_suffix,day,fire,high,spot,light,keep,0.9867
purple,compound_suffix,horse,line,paper,quarter,back,keep,0.9867
purple,compound_suffix,club,court,school,tea,house,keep,0.9867
purple,compound_suffix,come,full,line,paper,back,keep,0.9867
purple,compound_suffix,door,hall,mid,stair,way,keep,0.9867
purple,compound_suffix,half,mid,park,water,way,keep,0.9867
purple,compound_suffix,day,head,moon,search,light,keep,0.9867
purple,compound_suffix,bed,broad,country,curb,side,keep,0.9867
purple,compound_suffix,door,half,mid,stair,way,keep,0.9867
purple,compound_suffix,come,feed,half,set,back,keep,0.9867
purple,compound_suffix,air,border,crystal,shore,line,keep,0.9867
purple,compound_suffix,black,dash,floor,key,board,keep,0.9843
purple,compound_prefix,bell,knob,step,way,door,keep,0.9833
purple,compound_prefix,hill,pour,town,wind,down,keep,0.9833
purple,compound_prefix,air,night,way,week,mid,keep,0.9833
purple,compound_prefix,arm,finger,runner,see,fore,keep,0.9833
purple,compound_prefix,arm,finger,ground,runner,fore,keep,0.9833
purple,compound_prefix,fall,right,town,wind,down,keep,0.9833
purple,compound_prefix,air,night,summer,week,mid,keep,0.9833
purple,compound_prefix,arm,ground,runner,sight,fore,keep,0.9833
purple,compound_prefix,cracker,light,place,work,fire,keep,0.9833
purple,compound_suffix,along,broad,country,sea,side,keep,0.9833
purple,compound_suffix,night,peace,spring,summer,time,keep,0.9833
purple,compound_suffix,buck,card,key,spring,board,keep,0.9833
purple,compound_suffix,gate,mid,road,stair,way,keep,0.9833
purple,compound_suffix,court,round,store,tea,house,keep,0.9833
purple,compound_suffix,broad,country,dock,way,side,keep,0.9833
purple,compound_suffix,day,dinner,lunch,spring,time,keep,0.9833
purple,compound_suffix,fire,head,moon,spot,light,keep,0.9833
purple,compound_suffix,broad,country,sea,way,side,keep,0.9833
purple,compound_suffix,gate,half,stair,sub,way,keep,0.9833
purple,compound_suffix,day,dinner,lunch,night,time,keep,0.9833
purple,compound_suffix,draw,half,quarter,set,back,keep,0.9833
purple,compound_suffix,fire,moon,spot,sun,light,keep,0.9833
purple,compound_suffix,gate,hall,mid,stair,way,keep,0.9833
purple,compound_suffix,feed,half,line,quarter,back,keep,0.9833
purple,compound_suffix,card,cup,score,spring,board,keep,0.9833
purple,compound_prefix,color,fall,front,proof,water,keep,0.9800
purple,compound_prefix,bone,drop,ground,log,back,keep,0.9800
purple,compound_prefix,air,night,summer,way,mid,keep,0.9800
purple,compound_prefix,arm,cracker,light,place,fire,keep,0.9800
purple,compound_prefix,bone,drop,ground,yard,back,keep,0.9800
purple,compound_prefix,night,summer,way,week,mid,keep,0.9800
purple,compound_suffix,feed,line,quarter,set,back,keep,0.9800
purple,compound_suffix,door,hatch,road,water,way,keep,0.9800
purple,compound_suffix,card,floor,score,spring,board,keep,0.9800
purple,compound_suffix,card,floor,peg,score,board,keep,0.9800
purple,compound_suffix,draw,horse,paper,set,back,keep,0.9800
purple,compound_suffix,half,path,road,run,way,keep,0.9800
purple,compound_suffix,bill,buck,card,spring,board,keep,0.9800
purple,compound_suffix,gate,hall,road,run,way,keep,0.9800
purple,compound_prefix,fall,front,proof,way,water,keep,0.9767
purple,compound_prefix,borne,mail,strip,way,air,keep,0.9767
purple,compound_prefix,burn,down,rise,shade,sun,keep,0.9767
purple,compound_prefix,arm,light,place,work,fire,keep,0.9767
purple,compound_prefix,down,rise,set,shade,sun,keep,0.9767
purple,compound_suffix,drive,half,run,stair,way,keep,0.9767
purple,compound_suffix,door,drive,road,sub,way,keep,0.9767
purple,verb_noun_association,drink,bottle,wine,glass,pour,keep,0.9767
purple,compound_suffix,court,green,round,store,house,keep,0.9765
purple,compound_suffix,feed,full,horse,quarter,back,keep,0.9751
purple,compound_suffix,card,cup,floor,score,board,keep,0.9743
purple,compound_prefix,arm,cracker,place,work,fire,keep,0.9733
purple,compound_prefix,arm,cracker,light,work,fire,keep,0.9733
purple,compound_prefix,bone,drop,log,yard,back,keep,0.9733
purple,compound_prefix,line,mail,strip,way,air,keep,0.9733
purple,compound_prefix,color,fall,proof,way,water,keep,0.9733
purple,compound_prefix,color,front,proof,way,water,keep,0.9733
purple,compound_suffix,come,horse,line,paper,back,keep,0.9733
purple,compound_suffix,club,court,farm,round,house,keep,0.9733
purple,compound_suffix,court,farm,round,smoke,house,keep,0.9733
purple,compound_suffix,club,court,smoke,tea,house,keep,0.9733
purple,compound_suffix,along,broad,curb,mountain,side,keep,0.9733
purple,compound_suffix,bill,buck,peg,spring,board,keep,0.9733
purple,anagram,resin,rinse,risen,siren,anagram,keep,0.9729
purple,compound_prefix,air,day,summer,week,mid,keep,0.9700
purple,compound_prefix,color,fall,front,way,water,keep,0.9700
purple,compound_prefix,boy,house,master,room,school,keep,0.9700
purple,compound_prefix,child,daughter,father,son,grand,keep,0.9700
purple,compound_suffix,along,country,curb,mountain,side,keep,0.9700
purple,compound_suffix,drive,gate,road,sub,way,keep,0.9700
purple,compound_suffix,door,hall,road,stair,way,keep,0.9700
purple,compound_suffix,counter,high,stand,view,point,keep,0.9700
purple,compound_suffix,along,curb,dock,mountain,side,keep,0.9700
purple,compound_suffix,door,half,road,stair,way,keep,0.9700
purple,compound_prefix,air,summer,way,week,mid,keep,0.9667
purple,compound_prefix,drop,ground,log,yard,back,keep,0.9667
purple,compound_suffix,along,bed,mountain,way,side,keep,0.9667
purple,compound_suffix,dock,hill,mountain,way,side,keep,0.9667
purple,compound_suffix,life,mean,peace,war,time,keep,0.9667
purple,compound_suffix,court,farm,smoke,tea,house,keep,0.9667
purple,compound_suffix,along,curb,mountain,way,side,keep,0.9667
purple,compound_suffix,bill,cup,peg,spring,board,keep,0.9667
purple,compound_suffix,hill,mountain,road,sea,side,keep,0.9667
purple,compound_suffix,farm,round,smoke,tea,house,keep,0.9667
purple,compound_suffix,door,hall,hatch,road,way,keep,0.9667
purple,compound_suffix,hatch,road,run,stair,way,keep,0.9633
purple,compound_suffix,curb,hill,road,way,side,keep,0.9633
purple,compound_suffix,birth,every,mid,week,day,keep,0.9633
purple,compound_suffix,bed,class,court,stock,room,keep,0.9633
purple,compound_suffix,gate,road,stair,sub,way,keep,0.9633
purple,compound_suffix,door,half,path,road,way,keep,0.9633
purple,compound_suffix,half,path,stair,sub,way,keep,0.9633
purple,compound_suffix,ball,bed,court,school,room,keep,0.9633
purple,compound_suffix,bill,cup,floor,peg,board,keep,0.9600
purple,compound_suffix,feed,half,horse,paper,back,keep,0.9600
purple,compound_suffix,book,show,stair,suit,case,keep,0.9600
purple,compound_suffix,club,farm,store,tea,house,keep,0.9600
purple,compound_suffix,bath,bed,class,school,room,keep,0.9600
purple,compound_suffix,feed,half,horse,quarter,back,keep,0.9600
purple,compound_suffix,card,cup,floor,peg,board,keep,0.9600
purple,compound_suffix,cup,floor,peg,score,board,keep,0.9567
purple,compound_suffix,bill,buck,card,key,board,keep,0.9567
purple,compound_suffix,along,broad,mountain,sea,side,keep,0.9567
purple,compound_prefix,child,daughter,mother,son,grand,keep,0.9533
purple,compound_suffix,buck,card,floor,peg,board,keep,0.9533
purple,compound_suffix,buck,dash,floor,peg,board,keep,0.9533
purple,compound_suffix,come,half,paper,set,back,keep,0.9533
purple,compound_suffix,fire,high,moon,spot,light,keep,0.9500
purple,compound_suffix,birth,common,fire,market,place,keep,0.9500
purple,compound_suffix,draw,half,horse,set,back,keep,0.9500
purple,compound_suffix,fire,high,lamp,search,light,keep,0.9500
purple,compound_suffix,bill,black,cup,peg,board,keep,0.9467
purple,compound_suffix,bill,cup,peg,score,board,keep,0.9467
purple,anagram,least,slate,stale,steal,anagram,keep,0.9450
purple,compound_suffix,along,country,mountain,way,side,keep,0.9433
purple,compound_suffix,back,church,court,vine,yard,keep,0.9433
purple,verb_noun_association,yacht,boat,vessel,ship,sail,keep,0.9433
purple,anagram,enlist,listen,silent,tinsel,anagram,keep,0.9405
purple,compound_prefix,fall,stream,turn,wind,down,keep,0.9400
purple,compound_prefix,hold,keeper,wife,work,house,keep,0.9400
purple,compound_prefix,fall,pour,stream,wind,down,keep,0.9400
purple,compound_prefix,pour,stream,turn,wind,down,keep,0.9400
purple,compound_prefix,fall,pour,stream,town,down,keep,0.9400
purple,compound_suffix,come,feed,horse,line,back,keep,0.9400
purple,compound_suffix,door,drive,hatch,stair,way,keep,0.9400
purple,compound_suffix,bill,cup,key,spring,board,keep,0.9400
purple,compound_suffix,black,cup,floor,peg,board,keep,0.9400
purple,compound_prefix,ball,light,point,road,high,keep,0.9367
purple,compound_prefix,pour,stream,town,wind,down,keep,0.9367
purple,compound_prefix,ball,light,point,way,high,keep,0.9367
purple,compound_prefix,fall,stream,town,wind,down,keep,0.9367
purple,compound_prefix,fall,pour,stream,turn,down,keep,0.9333
purple,verb_noun_association,corn,wheat,crop,cotton,grow,keep,0.9333
purple,compound_suffix,feed,full,horse,set,back,keep,0.9300
purple,anagram,mate,meat,tame,team,anagram,keep,0.9276
purple,anagram,resin,rinse,serin,siren,anagram,keep,0.9212
purple,anagram,reins,resin,rinse,siren,anagram,keep,0.9212
purple,compound_prefix,boy,house,mate,room,school,keep,0.9200
purple,anagram,amen,mane,mean,name,anagram,keep,0.9200
purple,verb_noun_association,script,poem,poetry,book,read,keep,0.9200
purple,compound_suffix,bath,class,court,state,room,keep,0.9167
purple,compound_prefix,biographical,biography,fluorescence,mobile,auto,keep,0.9133
purple,compound_suffix,court,round,school,tea,house,keep,0.9133
purple,compound_prefix,bone,ground,log,yard,back,keep,0.9100
purple,compound_suffix,broad,curb,dock,way,side,keep,0.9100
purple,compound_suffix,card,dash,peg,score,board,keep,0.9100
purple,compound_suffix,bath,school,state,stock,room,keep,0.9100
purple,verb_noun_association,verdict,judgment,ruling,decision,appeal,keep,0.9100
purple,verb_noun_association,sorrow,sadness,grief,mourning,weep,keep,0.9100
purple,compound_prefix,fall,pour,turn,wind,down,keep,0.9067
purple,compound_prefix,fall,pour,town,wind,down,keep,0.9067
purple,compound_prefix,attack,balance,part,point,counter,keep,0.8967
purple,verb_noun_association,harvest,corn,wheat,rice,reap,keep,0.8967
purple,anagram,glare,lager,large,regal,anagram,keep,0.8960
purple,compound_prefix,light,point,road,way,high,keep,0.8933
purple,anagram,lasting,salting,slating,staling,anagram,keep,0.8933
purple,compound_prefix,biographical,biography,fluorescence,motive,auto,keep,0.8900
purple,anagram,evil,live,veil,vile,anagram,keep,0.8879
purple,verb_noun_association,dirt,sand,soil,mud,dig,keep,0.8833
purple,anagram,allergy,gallery,largely,regally,anagram,keep,0.8800
purple,verb_noun_association,plaque,monument,statue,memorial,commemorate,keep,0.8800
purple,verb_noun_association,cargo,shipment,container,freight,unload,keep,0.8800
purple,verb_noun_association,posture,stance,attitude,approach,adopt,keep,0.8733
purple,verb_noun_association,tendon,knee,shoulder,surgery,tear,keep,0.8733
purple,anagram,part,prat,rapt,trap,anagram,keep,0.8700
purple,anagram,part,prat,tarp,trap,anagram,keep,0.8700
purple,anagram,part,rapt,tarp,trap,anagram,keep,0.8700
purple,verb_noun_association,lineage,ancestry,descent,origin,trace,keep,0.8633
purple,compound_suffix,black,card,cup,key,board,keep,0.8609
purple,compound_suffix,card,cup,key,score,board,keep,0.8609
purple,verb_noun_association,rain,snow,storm,flooding,hail,keep,0.8567
purple,verb_noun_association,impasse,dispute,conflict,crisis,resolve,keep,0.8567
purple,anagram,post,spot,stop,tops,anagram,keep,0.8503
purple,verb_noun_association,orbit,rocket,spacecraft,missile,launch,keep,0.8367
purple,anagram,leap,pale,peal,plea,anagram,keep,0.8352
purple,compound_prefix,ball,light,road,way,high,keep,0.8333
purple,verb_noun_association,touchdown,receiver,quarterback,offense,pass,keep,0.8300
purple,verb_noun_association,discomfort,pain,stress,anxiety,relieve,keep,0.8300
purple,verb_noun_association,thirst,curiosity,appetite,desire,satisfy,keep,0.8300
purple,compound_suffix,bill,card,dash,key,board,keep,0.8267
purple,verb_noun_association,biopsy,diagnosis,tumor,patient,scan,keep,0.8267
purple,verb_noun_association,efficiency,productivity,utilization,effectiveness,maximize,keep,0.8200
purple,verb_noun_association,meal,dish,kitchen,dinner,cook,keep,0.8167
purple,verb_noun_association,size,length,width,diameter,vary,keep,0.8167
purple,verb_noun_association,accomplishment,victory,triumph,achievement,congratulate,keep,0.8133
purple,verb_noun_association,juice,nectar,milk,honey,suck,keep,0.8133
purple,verb_noun_association,prosecution,jury,trial,defendant,testify,keep,0.8133
purple,anagram,rate,tare,tear,tera,anagram,keep,0.8113
purple,anagram,emit,item,mite,time,anagram,keep,0.8065
purple,anagram,pointer,protein,pterion,repoint,anagram,keep,0.8033
purple,verb_noun_association,burglary,robbery,arson,theft,commit,keep,0.8033
purple,verb_noun_association,marrow,kidney,transplant,liver,donate,keep,0.8033
purple,verb_noun_association,garbage,rubbish,trash,waste,dump,borderline,0.7967
purple,verb_noun_association,smoking,drinking,tobacco,alcohol,discourage,borderline,0.7943
purple,anagram,least,slate,stale,tales,anagram,borderline,0.7940
purple,anagram,least,slate,stale,stela,anagram,borderline,0.7940
purple,verb_noun_association,reelection,incumbent,nomination,candidate,bid,borderline,0.7933
purple,verb_noun_association,lending,debt,loan,credit,borrow,borderline,0.7909
purple,verb_noun_association,channel,cable,programming,television,broadcast,borderline,0.7900
purple,verb_noun_association,parade,tribute,celebration,ceremony,salute,borderline,0.7867
purple,anagram,ates,eats,sate,seta,anagram,borderline,0.7855
purple,verb_noun_association,congregation,pastor,synagogue,church,worship,borderline,0.7833
purple,anagram,prat,rapt,tarp,trap,anagram,borderline,0.7800
purple,anagram,part,prat,rapt,tarp,anagram,borderline,0.7700
purple,verb_noun_association,misconception,myth,notion,stereotype,dispel,borderline,0.7700
purple,anagram,derange,enraged,grandee,grenade,anagram,borderline,0.7639
purple,verb_noun_association,forehead,nose,skin,neck,wrinkle,borderline,0.7600
purple,verb_noun_association,offspring,mating,breeding,nest,reproduce,borderline,0.7567
purple,anagram,least,slate,steal,tales,anagram,borderline,0.7537
purple,verb_noun_association,frost,cold,snow,winter,freeze,borderline,0.7533
purple,verb_noun_association,revolt,rebellion,unrest,uprising,pacify,borderline,0.7533
purple,verb_noun_association,flight,plane,aircraft,aviation,crash,borderline,0.7500
purple,verb_noun_association,pastor,congregation,clergy,church,preach,borderline,0.7500
purple,anagram,dale,deal,lade,lead,anagram,borderline,0.7467
purple,verb_noun_association,vessel,schooner,boat,ship,tug,borderline,0.7467
purple,anagram,east,eats,sate,seat,anagram,borderline,0.7443
purple,anagram,ates,east,eats,seat,anagram,borderline,0.7443
purple,anagram,east,eats,seat,seta,anagram,borderline,0.7443
purple,anagram,luster,result,rustle,sutler,anagram,borderline,0.7288
purple,anagram,ruse,suer,sure,user,anagram,borderline,0.7281
purple,verb_noun_association,fruit,tree,leaf,flower,mature,borderline,0.7267
purple,anagram,abet,bate,beat,beta,anagram,borderline,0.7266
purple,anagram,nape,neap,pane,pean,anagram,borderline,0.7256
purple,anagram,slate,stale,steal,tales,anagram,borderline,0.7243
purple,anagram,slate,stale,steal,stela,anagram,borderline,0.7243
purple,verb_noun_association,compensation,salary,wage,pension,pay,borderline,0.7233
purple,verb_noun_association,demon,creature,beast,monster,summon,borderline,0.7233
purple,anagram,pare,pear,rape,reap,anagram,borderline,0.7109
purple,anagram,canter,nectar,recant,trance,anagram,borderline,0.7100
purple,verb_noun_association,statute,legislation,law,amendment,enforce,borderline,0.7067
purple,anagram,luster,result,rustle,ulster,anagram,borderline,0.7017
purple,anagram,inert,inter,niter,trine,anagram,borderline,0.6967
purple,verb_noun_association,oppression,injustice,slavery,discrimination,perpetuate,borderline,0.6967
purple,anagram,filer,flier,lifer,rifle,anagram,borderline,0.6933
purple,verb_noun_association,jockey,horse,colt,rider,gallop,borderline,0.6928
purple,anagram,amain,amnia,anima,mania,anagram,borderline,0.6900
purple,verb_noun_association,pork,beef,meat,chicken,chop,borderline,0.6887
purple,verb_noun_association,peptide,protein,molecule,enzyme,bind,borderline,0.6833
purple,anagram,ates,east,eats,seta,anagram,borderline,0.6767
purple,anagram,east,eats,sate,seta,anagram,borderline,0.6767
purple,anagram,ates,east,eats,sate,anagram,borderline,0.6767
purple,verb_noun_association,flour,corn,grain,wheat,grind,borderline,0.6767
purple,anagram,cater,crate,react,trace,anagram,borderline,0.6758
purple,verb_noun_association,schooner,vessel,voyage,sailing,shipwreck,borderline,0.6733
purple,verb_noun_association,beer,drink,liquor,alcohol,brew,borderline,0.6700
purple,verb_noun_association,discomfort,distress,pain,anxiety,alleviate,borderline,0.6667
purple,verb_noun_association,piston,nozzle,valve,rotor,pump,borderline,0.6600
purple,verb_noun_association,frequency,modulation,wavelength,amplitude,filter,borderline,0.6572
purple,verb_noun_association,thigh,knee,elbow,ankle,bruise,borderline,0.6570
purple,anagram,slate,steal,stela,tales,anagram,borderline,0.6545
purple,anagram,alter,artel,later,ratel,anagram,borderline,0.6545
purple,anagram,least,steal,stela,tales,anagram,borderline,0.6511
purple,verb_noun_association,sorghum,wheat,barley,corn,cultivate,borderline,0.6500
purple,verb_noun_association,sickness,illness,infection,injury,heal,borderline,0.6467
purple,anagram,genista,ingesta,seating,teasing,anagram,borderline,0.6433
purple,verb_noun_association,fabric,cloth,silk,linen,weave,borderline,0.6381
purple,verb_noun_association,possibility,danger,risk,threat,foresee,borderline,0.6367
purple,anagram,caret,cater,crate,recta,anagram,borderline,0.6343
purple,anagram,caret,carte,cater,crate,anagram,borderline,0.6343
purple,anagram,carte,cater,crate,recta,anagram,borderline,0.6343
purple,verb_noun_association,gallon,gasoline,pump,oil,fuel,borderline,0.6276
purple,verb_noun_association,patient,practitioner,nurse,physician,prescribe,borderline,0.6267
purple,verb_noun_association,pilgrimage,journey,voyage,expedition,undertake,borderline,0.6267
purple,verb_noun_association,astonishment,disbelief,disdain,dismay,utter,borderline,0.6267
purple,anagram,diet,edit,tide,tied,anagram,borderline,0.6226
purple,verb_noun_association,mountain,slope,cliff,ridge,climb,borderline,0.6209
purple,verb_noun_association,proficiency,mastery,competence,skill,demonstrate,borderline,0.6167
purple,verb_noun_association,poem,verse,poetry,hymn,recite,borderline,0.6167
purple,verb_noun_association,wrist,elbow,knee,leg,straighten,borderline,0.6100
purple,anagram,ester,reset,steer,terse,anagram,borderline,0.6094
purple,verb_noun_association,lion,beast,tiger,creature,roar,borderline,0.6076
purple,verb_noun_association,uncle,grandfather,aunt,cousin,inherit,borderline,0.6000
purple,verb_noun_association,dinner,feast,meal,lunch,invite,borderline,0.5933
purple,verb_noun_association,hug,hello,kiss,smile,greet,borderline,0.5920
purple,anagram,lament,mantel,mantle,mental,anagram,borderline,0.5908
purple,verb_noun_association,relativity,thermodynamics,theorem,entropy,postulate,borderline,0.5900
purple,verb_noun_association,counsel,lawyer,attorney,expert,consult,borderline,0.5890
purple,anagram,reit,rite,tier,tire,anagram,borderline,0.5889
purple,verb_noun_association,ultraviolet,wavelength,sunlight,infrared,absorb,borderline,0.5867
purple,verb_noun_association,irritation,pain,anger,anxiety,soothe,borderline,0.5848
purple,verb_noun_association,agreement,lease,deal,contract,negotiate,borderline,0.5843
purple,verb_noun_association,bread,loaf,dough,flour,bake,borderline,0.5800
purple,verb_noun_association,wheat,crop,cotton,grain,export,borderline,0.5800
purple,verb_noun_association,drummer,vocalist,guitarist,band,jam,borderline,0.5800
purple,verb_noun_association,varnish,acrylic,pigment,coating,paint,borderline,0.5800
purple,verb_noun_association,bicycle,bus,train,truck,ride,borderline,0.5767
purple,verb_noun_association,broth,stew,cabbage,soup,boil,borderline,0.5743
purple,verb_noun_association,therapist,therapy,therapeutic,stimulation,massage,borderline,0.5733
purple,verb_noun_association,undergraduate,student,faculty,university,graduate,borderline,0.5718
purple,anagram,least,slate,stela,tales,anagram,borderline,0.5685
purple,anagram,sitar,stair,stria,tarsi,anagram,borderline,0.5667
purple,anagram,astir,stair,stria,tarsi,anagram,borderline,0.5667
purple,anagram,astir,sitar,stair,stria,anagram,borderline,0.5667
purple,anagram,caret,carte,react,recta,anagram,borderline,0.5667
purple,anagram,astir,sitar,stair,tarsi,anagram,borderline,0.5667
purple,verb_noun_association,understanding,learning,experience,knowledge,enhance,borderline,0.5667
purple,verb_noun_association,bakery,cafe,store,restaurant,shop,borderline,0.5667
purple,verb_noun_association,sauce,soup,dish,cooking,stir,borderline,0.5643
purple,verb_noun_association,participation,cooperation,interaction,involvement,encourage,borderline,0.5633
purple,verb_noun_association,insurrection,uprising,rebellion,revolution,revolt,borderline,0.5600
purple,verb_noun_association,forearm,ankle,wrist,elbow,fracture,borderline,0.5581
purple,verb_noun_association,sheep,cattle,goat,pig,breed,borderline,0.5537
purple,verb_noun_association,boiler,heater,furnace,stove,grate,borderline,0.5533
purple,verb_noun_association,cloth,fabric,embroidery,silk,loom,borderline,0.5533
purple,anagram,rinse,risen,serin,siren,anagram,borderline,0.5525
purple,anagram,reins,rinse,risen,siren,anagram,borderline,0.5525
purple,verb_noun_association,tumor,tissue,bone,skin,remove,borderline,0.5500
purple,verb_noun_association,spindle,rotor,axle,cylinder,rotate,borderline,0.5400
purple,verb_noun_association,rebellion,insurrection,revolt,uprising,suppress,borderline,0.5400
purple,verb_noun_association,cloth,leather,silk,cotton,manufacture,borderline,0.5396
purple,anagram,reins,risen,serin,siren,anagram,borderline,0.5371
purple,verb_noun_association,cadenza,melody,violin,piano,improvise,borderline,0.5367
purple,verb_noun_association,bacteria,organism,protein,tissue,isolate,borderline,0.5367
purple,verb_noun_association,primacy,dominance,supremacy,superiority,assert,borderline,0.5333
purple,verb_noun_association,prescription,medication,pharmacy,pharmaceutical,dispense,borderline,0.5333
purple,verb_noun_association,ambition,commitment,desire,vision,fulfill,borderline,0.5333
purple,verb_noun_association,title,victory,championship,win,clinch,borderline,0.5300
purple,verb_noun_association,sentence,penalty,punishment,imprisonment,impose,borderline,0.5267
purple,verb_noun_association,axle,car,truck,vehicle,drive,borderline,0.5170
purple,verb_noun_association,investor,equity,investment,asset,fund,borderline,0.5133
purple,verb_noun_association,conversation,dialogue,discussion,debate,engage,borderline,0.5067
purple,verb_noun_association,pregnancy,child,baby,birth,conceive,borderline,0.5048
purple,verb_noun_association,invasion,attack,assault,raid,repel,borderline,0.5000
purple,verb_noun_association,wit,satire,humor,comedy,amuse,borderline,0.4967
purple,verb_noun_association,cargo,terminal,freight,passenger,handle,borderline,0.4900
purple,anagram,caper,crape,pacer,recap,anagram,borderline,0.4889
purple,verb_noun_association,assertion,assumption,notion,belief,contradict,borderline,0.4867
purple,verb_noun_association,statute,provision,legislation,amendment,invalidate,borderline,0.4867
purple,verb_noun_association,warhead,detonation,bomb,explosive,disarm,borderline,0.4833
purple,verb_noun_association,probation,sentence,parole,jail,plead,borderline,0.4800
purple,verb_noun_association,dictator,junta,coup,regime,oust,borderline,0.4780
purple,anagram,least,slate,steal,stela,anagram,borderline,0.4752
purple,anagram,petal,plate,pleat,tepal,anagram,borderline,0.4733
purple,verb_noun_association,proposal,amendment,legislation,plan,approve,borderline,0.4700
purple,verb_noun_association,enlightenment,salvation,immortality,happiness,attain,borderline,0.4700
purple,verb_noun_association,integer,decimal,scalar,polynomial,multiply,borderline,0.4700
purple,verb_noun_association,bisque,porcelain,pottery,ceramic,glaze,borderline,0.4633
purple,verb_noun_association,humiliation,embarrassment,disgrace,anger,shame,borderline,0.4633
purple,anagram,least,stale,steal,stela,anagram,borderline,0.4623
purple,anagram,least,stale,steal,tales,anagram,borderline,0.4623
purple,anagram,resin,rinse,risen,serin,anagram,borderline,0.4619
purple,anagram,reins,resin,rinse,risen,anagram,borderline,0.4619
purple,verb_noun_association,wildlife,conservation,habitat,forest,preserve,borderline,0.4600
purple,verb_noun_association,tuberculosis,disease,virus,infection,cure,borderline,0.4533
purple,verb_noun_association,temple,castle,cathedral,palace,rebuild,borderline,0.4533
purple,verb_noun_association,planting,crop,flowering,corn,seed,borderline,0.4533
purple,verb_noun_association,assertion,hypothesis,theory,argument,corroborate,borderline,0.4433
purple,verb_noun_association,cloth,plastic,fabric,silk,wrap,borderline,0.4433
purple,verb_noun_association,obedience,allegiance,devotion,loyalty,vow,borderline,0.4400
purple,anagram,carte,cater,crate,react,anagram,borderline,0.4387
purple,anagram,caret,cater,crate,react,anagram,borderline,0.4387
purple,anagram,cater,crate,react,recta,anagram,borderline,0.4387
purple,verb_noun_association,night,weekend,evening,afternoon,spend,borderline,0.4367
purple,verb_noun_association,rape,murder,killing,crime,accuse,borderline,0.4353
purple,verb_noun_association,injustice,oppression,slavery,persecution,denounce,borderline,0.4333
purple,verb_noun_association,liberation,equality,freedom,democracy,struggle,borderline,0.4333
purple,anagram,carte,crate,react,trace,anagram,borderline,0.4327
purple,anagram,crate,react,recta,trace,anagram,borderline,0.4327
purple,anagram,caret,crate,react,trace,anagram,borderline,0.4327
purple,verb_noun_association,jealousy,outrage,hatred,anger,provoke,borderline,0.4324
purple,verb_noun_association,concerto,piano,orchestra,violin,compose,borderline,0.4300
purple,verb_noun_association,legislation,amendment,bill,proposal,oppose,borderline,0.4300
purple,verb_noun_association,drywall,stucco,flooring,tile,plaster,borderline,0.4300
purple,verb_noun_association,marble,wood,granite,stone,carve,borderline,0.4267
purple,verb_noun_association,army,regiment,battalion,infantry,enlist,borderline,0.4267
purple,verb_noun_association,visa,passport,citizenship,permit,apply,borderline,0.4167
purple,anagram,reins,resin,risen,siren,anagram,borderline,0.4159
purple,anagram,resin,risen,serin,siren,anagram,borderline,0.4159
purple,verb_noun_association,epoxy,resin,adhesive,polymer,laminate,borderline,0.4133
purple,verb_noun_association,permit,permission,consent,approval,obtain,borderline,0.4133
purple,anagram,caret,crate,react,recta,anagram,borderline,0.4124
purple,anagram,caret,carte,crate,react,anagram,borderline,0.4124
purple,anagram,carte,crate,react,recta,anagram,borderline,0.4124
purple,verb_noun_association,bus,ferry,rail,transit,operate,borderline,0.4111
purple,verb_noun_association,kitten,dog,cat,puppy,stray,borderline,0.4100
purple,anagram,latrine,reliant,retinal,trenail,anagram,borderline,0.4067
purple,anagram,ratline,reliant,retinal,trenail,anagram,borderline,0.4067
purple,anagram,late,tael,tale,teal,anagram,borderline,0.4067
purple,verb_noun_association,school,graduation,college,student,attend,borderline,0.4067
purple,verb_noun_association,meal,lunch,breakfast,dinner,eat,borderline,0.4067
purple,verb_noun_association,sodium,chloride,acid,calcium,dissolve,borderline,0.4005
purple,verb_noun_association,tennis,gymnastics,basketball,athletics,cheer,borderline,0.4000
purple,verb_noun_association,marrow,kidney,liver,lung,transplant,borderline,0.3984
purple,verb_noun_association,aroma,flavor,taste,texture,impart,borderline,0.3967
purple,verb_noun_association,humidity,moisture,dry,wet,tolerate,borderline,0.3967
purple,verb_noun_association,playoff,championship,trophy,title,win,borderline,0.3967
purple,verb_noun_association,prevalence,incidence,risk,probability,underestimate,borderline,0.3933
purple,compound_prefix,ball,point,road,way,high,borderline,0.3900
purple,verb_noun_association,rotor,propeller,compressor,turbine,thrust,borderline,0.3900
purple,anagram,alert,alter,artel,later,anagram,borderline,0.3878
purple,anagram,alert,alter,later,ratel,anagram,borderline,0.3878
purple,verb_noun_association,eel,salmon,fish,shrimp,smelt,borderline,0.3867
purple,verb_noun_association,takeoff,fly,flight,jet,hover,borderline,0.3800
purple,anagram,asper,parse,spare,spear,anagram,borderline,0.3781
purple,verb_noun_association,racetrack,racing,saddle,horse,harness,borderline,0.3767
purple,verb_noun_association,tournament,round,playoff,championship,qualify,borderline,0.3767
purple,anagram,doubter,obtrude,outbred,redoubt,anagram,borderline,0.3700
purple,verb_noun_association,spouse,husband,married,wife,divorce,borderline,0.3700
purple,verb_noun_association,visa,passport,permit,license,require,borderline,0.3700
purple,verb_noun_association,gallery,museum,art,sculpture,exhibit,borderline,0.3667
purple,anagram,cerous,course,crouse,source,anagram,borderline,0.3633
purple,verb_noun_association,athletics,tennis,sport,basketball,compete,borderline,0.3633
purple,verb_noun_association,dairy,livestock,cattle,sheep,farm,borderline,0.3600
purple,verb_noun_association,bullet,pistol,gun,rifle,shoot,borderline,0.3600
purple,verb_noun_association,assent,consent,approval,permission,withhold,borderline,0.3600
purple,verb_noun_association,hypothesis,myth,theory,notion,disprove,borderline,0.3567
purple,verb_noun_association,affair,romance,relationship,friendship,fling,borderline,0.3533
purple,verb_noun_association,repeal,legislation,bill,provision,amend,borderline,0.3400
purple,anagram,corset,escort,scoter,sector,anagram,borderline,0.3396
purple,verb_noun_association,platoon,battalion,infantry,regiment,reinforce,borderline,0.3300
purple,verb_noun_association,effluent,wastewater,sewage,drainage,discharge,borderline,0.3233
purple,verb_noun_association,likelihood,probability,estimate,risk,predict,borderline,0.3233
purple,anagram,argon,groan,orang,organ,anagram,borderline,0.3140
purple,verb_noun_association,secretion,hormone,insulin,metabolism,stimulate,borderline,0.3133
purple,verb_noun_association,diligence,courage,dedication,commitment,commend,borderline,0.3067
purple,verb_noun_association,vitamin,potassium,calcium,protein,contain,reject,0.2933
purple,verb_noun_association,hospital,surgeon,physician,medical,intern,reject,0.2933
purple,verb_noun_association,equality,unity,democracy,peace,promote,reject,0.2833
purple,anagram,darter,retard,tarred,trader,anagram,reject,0.2809
purple,verb_noun_association,affection,devotion,friendship,love,cherish,reject,0.2800
purple,anagram,serow,sower,swore,worse,anagram,reject,0.2769
purple,anagram,carte,react,recta,trace,anagram,reject,0.2767
purple,anagram,caret,carte,react,trace,anagram,reject,0.2767
purple,anagram,caret,react,recta,trace,anagram,reject,0.2767
purple,anagram,brute,buret,rebut,tuber,anagram,reject,0.2693
purple,anagram,aper,pare,rape,reap,anagram,reject,0.2679
purple,anagram,caret,crate,recta,trace,anagram,reject,0.2676
purple,anagram,caret,carte,crate,trace,anagram,reject,0.2676
purple,anagram,carte,crate,recta,trace,anagram,reject,0.2676
purple,verb_noun_association,axle,brake,tire,wheel,steer,reject,0.2667
purple,anagram,caret,cater,react,trace,anagram,reject,0.2648
purple,anagram,cater,react,recta,trace,anagram,reject,0.2648
purple,anagram,carte,cater,react,trace,anagram,reject,0.2648
purple,anagram,leapt,petal,pleat,tepal,anagram,reject,0.2633
purple,anagram,leapt,plate,pleat,tepal,anagram,reject,0.2600
purple,verb_noun_association,hostility,resentment,anger,hatred,arouse,reject,0.2600
purple,anagram,latrine,ratline,reliant,retinal,anagram,reject,0.2533
purple,anagram,caret,cater,react,recta,anagram,reject,0.2533
purple,anagram,latrine,ratline,retinal,trenail,anagram,reject,0.2533
purple,anagram,caret,carte,cater,react,anagram,reject,0.2533
purple,anagram,carte,cater,react,recta,anagram,reject,0.2533
purple,verb_noun_association,joke,parody,funny,humor,gag,reject,0.2533
purple,verb_noun_association,irrigation,reservoir,water,dam,supply,reject,0.2533
purple,verb_noun_association,crop,wheat,harvest,grain,yield,reject,0.2467
purple,verb_noun_association,religion,ideology,doctrine,principle,adhere,reject,0.2433
purple,verb_noun_association,birdie,bogey,par,fairway,putt,reject,0.2433
purple,anagram,ates,east,sate,seat,anagram,reject,0.2367
purple,anagram,east,sate,seat,seta,anagram,reject,0.2367
purple,anagram,ates,east,seat,seta,anagram,reject,0.2367
purple,anagram,latrine,ratline,reliant,trenail,anagram,reject,0.2333
purple,anagram,aper,pare,pear,reap,anagram,reject,0.2331
purple,verb_noun_association,malaria,tuberculosis,disease,infection,treat,reject,0.2300
purple,verb_noun_association,firearm,pistol,gun,rifle,recoil,reject,0.2267
purple,verb_noun_association,notion,hypothesis,idea,theory,reject,reject,0.2267
purple,anagram,alert,artel,later,ratel,anagram,reject,0.2223
purple,verb_noun_association,lending,mortgage,debt,loan,underwrite,reject,0.2209
purple,anagram,caret,cater,recta,trace,anagram,reject,0.2200
purple,anagram,carte,cater,recta,trace,anagram,reject,0.2200
purple,anagram,caret,carte,cater,trace,anagram,reject,0.2200
purple,verb_noun_association,guitar,violin,saxophone,piano,fiddle,reject,0.2200
purple,anagram,ambler,blamer,marble,ramble,anagram,reject,0.2181
purple,anagram,dinar,drain,nadir,ranid,anagram,reject,0.2167
purple,verb_noun_association,god,salvation,divine,heaven,pray,reject,0.2167
purple,verb_noun_association,syllable,vowel,consonant,alphabet,pronounce,reject,0.2167
purple,anagram,poser,prose,ropes,spore,anagram,reject,0.2155
purple,verb_noun_association,waste,garbage,trash,sewage,dispose,reject,0.2143
purple,anagram,caret,carte,cater,recta,anagram,reject,0.2133
purple,anagram,ardeb,beard,bread,debar,anagram,reject,0.2100
purple,anagram,alert,alter,artel,ratel,anagram,reject,0.2077
purple,verb_noun_association,god,heaven,divine,holy,glorify,reject,0.2067
purple,verb_noun_association,creativity,innovation,excellence,passion,nurture,reject,0.2067
purple,anagram,salve,selva,slave,valse,anagram,reject,0.2034
purple,verb_noun_association,pedal,accelerator,brake,steering,throttle,reject,0.2033
purple,verb_noun_association,technique,concept,method,approach,refine,reject,0.2000
purple,anagram,caret,carte,recta,trace,anagram,reject,0.1900
purple,verb_noun_association,borrower,mortgage,loan,lending,repay,reject,0.1900
purple,anagram,reins,resin,rinse,serin,anagram,reject,0.1882
purple,anagram,result,rustle,sutler,ulster,anagram,reject,0.1843
purple,anagram,aspire,paries,praise,spirea,anagram,reject,0.1833
purple,anagram,cater,crate,recta,trace,anagram,reject,0.1811
purple,anagram,carte,cater,crate,trace,anagram,reject,0.1811
purple,anagram,caret,cater,crate,trace,anagram,reject,0.1811
purple,anagram,armed,derma,dream,ramed,anagram,reject,0.1806
purple,anagram,ceruse,recuse,rescue,secure,anagram,reject,0.1733
purple,anagram,aper,pare,pear,rape,anagram,reject,0.1722
purple,verb_noun_association,strife,unrest,turmoil,controversy,beset,reject,0.1700
purple,anagram,luster,rustle,sutler,ulster,anagram,reject,0.1698
purple,anagram,danger,gander,garden,ranged,anagram,reject,0.1664
purple,anagram,parley,pearly,player,replay,anagram,reject,0.1636
purple,verb_noun_association,villain,character,storyline,hero,portray,reject,0.1633
purple,anagram,ates,sate,seat,seta,anagram,reject,0.1617
purple,verb_noun_association,legislation,amendment,provision,bill,act,reject,0.1600
purple,verb_noun_association,commitment,faith,determination,belief,reaffirm,reject,0.1600
purple,anagram,reales,resale,reseal,sealer,anagram,reject,0.1570
purple,verb_noun_association,firearm,ammunition,weapon,gun,carry,reject,0.1533
purple,verb_noun_association,tumor,kidney,infection,disease,recur,reject,0.1533
purple,anagram,reins,resin,risen,serin,anagram,reject,0.1504
purple,verb_noun_association,curriculum,classroom,academic,learning,enrich,reject,0.1500
purple,anagram,ates,east,sate,seta,anagram,reject,0.1484
purple,verb_noun_association,mineral,ore,coal,copper,exploit,reject,0.1467
purple,anagram,reins,rinse,risen,serin,anagram,reject,0.1461
purple,anagram,least,stale,stela,tales,anagram,reject,0.1429
purple,verb_noun_association,herd,livestock,sheep,cattle,roam,reject,0.1409
purple,anagram,eats,sate,seat,seta,anagram,reject,0.1400
purple,anagram,ates,eats,sate,seat,anagram,reject,0.1400
purple,anagram,ates,eats,seat,seta,anagram,reject,0.1400
purple,anagram,aril,lair,lira,rail,anagram,reject,0.1385
purple,anagram,lair,lira,rail,rial,anagram,reject,0.1385
purple,anagram,lair,lari,lira,rail,anagram,reject,0.1385
purple,anagram,lair,lari,rail,rial,anagram,reject,0.1385
purple,anagram,aril,lari,lira,rail,anagram,reject,0.1385
purple,anagram,aril,lari,rail,rial,anagram,reject,0.1385
purple,anagram,lari,lira,rail,rial,anagram,reject,0.1385
purple,anagram,aril,lair,rail,rial,anagram,reject,0.1385
purple,anagram,aril,lira,rail,rial,anagram,reject,0.1385
purple,anagram,aril,lair,lari,rail,anagram,reject,0.1385
purple,anagram,leapt,petal,plate,pleat,anagram,reject,0.1372
purple,anagram,leapt,petal,plate,tepal,anagram,reject,0.1372
purple,verb_noun_association,nozzle,valve,piston,cylinder,exhaust,reject,0.1367
purple,anagram,luster,result,sutler,ulster,anagram,reject,0.1344
purple,verb_noun_association,likelihood,risk,danger,threat,lessen,reject,0.1333
purple,verb_noun_association,grocery,supermarket,store,pharmacy,retail,reject,0.1267
purple,anagram,escarp,parsec,scrape,secpar,anagram,reject,0.1172
purple,anagram,lascar,rascal,sacral,scalar,anagram,reject,0.1167
purple,anagram,stale,steal,stela,tales,anagram,reject,0.1152
purple,anagram,dentin,indent,intend,tinned,anagram,reject,0.1067
purple,anagram,slate,stale,stela,tales,anagram,reject,0.1062
purple,anagram,aper,pear,rape,reap,anagram,reject,0.1037
purple,anagram,arpent,entrap,parent,trepan,anagram,reject,0.1000
purple,anagram,caret,carte,crate,recta,anagram,reject,0.0970
purple,verb_noun_association,cavalry,infantry,battalion,artillery,advance,reject,0.0933
purple,anagram,aril,lair,liar,rial,anagram,reject,0.0914
purple,anagram,aril,lari,liar,lira,anagram,reject,0.0914
purple,anagram,lair,lari,liar,lira,anagram,reject,0.0914
purple,anagram,aril,lair,lari,liar,anagram,reject,0.0914
purple,anagram,lair,lari,liar,rial,anagram,reject,0.0914
purple,anagram,aril,liar,lira,rial,anagram,reject,0.0914
purple,anagram,lari,liar,lira,rial,anagram,reject,0.0914
purple,anagram,lair,liar,lira,rial,anagram,reject,0.0914
purple,anagram,aril,lari,liar,rial,anagram,reject,0.0914
purple,anagram,aril,lair,liar,lira,anagram,reject,0.0914
purple,verb_noun_association,platoon,infantry,artillery,battalion,overrun,reject,0.0900
purple,anagram,astir,sitar,stria,tarsi,anagram,reject,0.0800
purple,verb_noun_association,legislation,repeal,amendment,reform,enact,reject,0.0733
purple,anagram,merit,miter,remit,timer,anagram,reject,0.0633
purple,anagram,merit,miter,mitre,timer,anagram,reject,0.0633
purple,anagram,merit,mitre,remit,timer,anagram,reject,0.0633
purple,anagram,merit,miter,mitre,remit,anagram,reject,0.0633
purple,anagram,arches,chaser,eschar,search,anagram,reject,0.0600
purple,verb_noun_association,ranch,herd,cattle,livestock,corral,reject,0.0600
purple,anagram,reins,rinse,serin,siren,anagram,reject,0.0572
purple,verb_noun_association,platoon,battalion,sergeant,regiment,recruit,reject,0.0567
purple,verb_noun_association,expressway,freeway,parkway,highway,connect,reject,0.0533
purple,anagram,aril,lair,liar,rail,anagram,reject,0.0487
purple,anagram,lari,liar,lira,rail,anagram,reject,0.0487
purple,anagram,aril,liar,rail,rial,anagram,reject,0.0487
purple,anagram,aril,lari,liar,rail,anagram,reject,0.0487
purple,anagram,lair,liar,rail,rial,anagram,reject,0.0487
purple,anagram,aril,liar,lira,rail,anagram,reject,0.0487
purple,anagram,lair,lari,liar,rail,anagram,reject,0.0487
purple,anagram,liar,lira,rail,rial,anagram,reject,0.0487
purple,anagram,lari,liar,rail,rial,anagram,reject,0.0487
purple,anagram,lair,liar,lira,rail,anagram,reject,0.0487
purple,verb_noun_association,roadway,freeway,highway,expressway,stretch,reject,0.0433
purple,anagram,reins,resin,serin,siren,anagram,reject,0.0429
purple,anagram,gilder,girdle,glider,ridgel,anagram,reject,0.0367
purple,anagram,acinar,arnica,carina,crania,anagram,reject,0.0167
purple,anagram,lair,lari,lira,rial,anagram,reject,0.0133
purple,anagram,aril,lair,lari,lira,anagram,reject,0.0133
purple,anagram,lave,vale,veal,vela,anagram,reject,0.0133
purple,anagram,aril,lair,lira,rial,anagram,reject,0.0133
purple,anagram,aril,lari,lira,rial,anagram,reject,0.0133
purple,anagram,aril,lair,lari,rial,anagram,reject,0.0133
purple,anagram,arse,rase,sear,sera,anagram,reject,0.0133
purple,anagram,miter,mitre,remit,timer,anagram,reject,0.0100
purple,anagram,manes,manse,mensa,samen,anagram,reject,0.0100
purple,anagram,piles,plies,spiel,spile,anagram,reject,0.0100
purple,anagram,alvine,valine,veinal,venial,anagram,reject,0.0000
